{"sdk_skeletons": {"Crypto.Cipher._AES": {"bin_mtime": 1522761981, "gen_version": "1.147", "status": "UP_TO_DATE"}, "Crypto.Cipher._ARC2": {"bin_mtime": 1522761981, "gen_version": "1.147", "status": "UP_TO_DATE"}, "Crypto.Cipher._ARC4": {"bin_mtime": 1522761981, "gen_version": "1.147", "status": "UP_TO_DATE"}, "Crypto.Cipher._Blowfish": {"bin_mtime": 1522761981, "gen_version": "1.147", "status": "UP_TO_DATE"}, "Crypto.Cipher._CAST": {"bin_mtime": 1522761981, "gen_version": "1.147", "status": "UP_TO_DATE"}, "Crypto.Cipher._DES": {"bin_mtime": 1522761981, "gen_version": "1.147", "status": "UP_TO_DATE"}, "Crypto.Cipher._DES3": {"bin_mtime": 1522761981, "gen_version": "1.147", "status": "UP_TO_DATE"}, "Crypto.Cipher._XOR": {"bin_mtime": 1522761981, "gen_version": "1.147", "status": "UP_TO_DATE"}, "Crypto.Hash._MD2": {"bin_mtime": 1522761981, "gen_version": "1.147", "status": "UP_TO_DATE"}, "Crypto.Hash._MD4": {"bin_mtime": 1522761981, "gen_version": "1.147", "status": "UP_TO_DATE"}, "Crypto.Hash._RIPEMD160": {"bin_mtime": 1522761981, "gen_version": "1.147", "status": "UP_TO_DATE"}, "Crypto.Hash._SHA224": {"bin_mtime": 1522761981, "gen_version": "1.147", "status": "UP_TO_DATE"}, "Crypto.Hash._SHA256": {"bin_mtime": 1522761981, "gen_version": "1.147", "status": "UP_TO_DATE"}, "Crypto.Hash._SHA384": {"bin_mtime": 1522761981, "gen_version": "1.147", "status": "UP_TO_DATE"}, "Crypto.Hash._SHA512": {"bin_mtime": 1522761981, "gen_version": "1.147", "status": "UP_TO_DATE"}, "Crypto.PublicKey._fastmath": {"bin_mtime": 1522761981, "gen_version": "1.147", "status": "UP_TO_DATE"}, "Crypto.Util._counter": {"bin_mtime": 1522761981, "gen_version": "1.147", "status": "UP_TO_DATE"}, "Crypto.Util.strxor": {"bin_mtime": 1522761981, "gen_version": "1.147", "status": "UP_TO_DATE"}, "MySQLdb._mysql": {"bin_mtime": 1640075218, "gen_version": "1.147", "status": "UP_TO_DATE"}, "PAM": {"bin_mtime": 1501822768, "gen_version": "1.147", "status": "UP_TO_DATE"}, "_ast": {"gen_version": "1.147", "status": "UP_TO_DATE"}, "_asyncio": {"bin_mtime": 1638997723, "gen_version": "1.147", "status": "UP_TO_DATE"}, "_bisect": {"gen_version": "1.147", "status": "UP_TO_DATE"}, "_blake2": {"gen_version": "1.147", "status": "UP_TO_DATE"}, "_bz2": {"bin_mtime": 1638997723, "gen_version": "1.147", "status": "UP_TO_DATE"}, "_cffi_backend": {"bin_mtime": 1519760047, "gen_version": "1.147", "status": "UP_TO_DATE"}, "_codecs": {"gen_version": "1.147", "status": "UP_TO_DATE"}, "_codecs_cn": {"bin_mtime": 1638997723, "gen_version": "1.147", "status": "UP_TO_DATE"}, "_codecs_hk": {"bin_mtime": 1638997723, "gen_version": "1.147", "status": "UP_TO_DATE"}, "_codecs_iso2022": {"bin_mtime": 1638997723, "gen_version": "1.147", "status": "UP_TO_DATE"}, "_codecs_jp": {"bin_mtime": 1638997723, "gen_version": "1.147", "status": "UP_TO_DATE"}, "_codecs_kr": {"bin_mtime": 1638997723, "gen_version": "1.147", "status": "UP_TO_DATE"}, "_codecs_tw": {"bin_mtime": 1638997723, "gen_version": "1.147", "status": "UP_TO_DATE"}, "_collections": {"gen_version": "1.147", "status": "UP_TO_DATE"}, "_crypt": {"bin_mtime": 1638997723, "gen_version": "1.147", "status": "UP_TO_DATE"}, "_csv": {"bin_mtime": 1638997723, "gen_version": "1.147", "status": "UP_TO_DATE"}, "_ctypes": {"bin_mtime": 1638997723, "gen_version": "1.147", "status": "UP_TO_DATE"}, "_ctypes_test": {"bin_mtime": 1638997723, "gen_version": "1.147", "status": "UP_TO_DATE"}, "_curses": {"bin_mtime": 1638997723, "gen_version": "1.147", "status": "UP_TO_DATE"}, "_curses_panel": {"bin_mtime": 1638997723, "gen_version": "1.147", "status": "UP_TO_DATE"}, "_datetime": {"gen_version": "1.147", "status": "UP_TO_DATE"}, "_dbm": {"bin_mtime": 1638997723, "gen_version": "1.147", "status": "UP_TO_DATE"}, "_dbus_bindings": {"bin_mtime": 1517255877, "gen_version": "1.147", "status": "UP_TO_DATE"}, "_dbus_glib_bindings": {"bin_mtime": 1517255877, "gen_version": "1.147", "status": "UP_TO_DATE"}, "_decimal": {"bin_mtime": 1638997723, "gen_version": "1.147", "status": "UP_TO_DATE"}, "_elementtree": {"gen_version": "1.147", "status": "UP_TO_DATE"}, "_functools": {"gen_version": "1.147", "status": "UP_TO_DATE"}, "_gdbm": {"bin_mtime": 1554786273, "gen_version": "1.147", "status": "UP_TO_DATE"}, "_hashlib": {"bin_mtime": 1638997723, "gen_version": "1.147", "status": "UP_TO_DATE"}, "_heapq": {"gen_version": "1.147", "status": "UP_TO_DATE"}, "_imp": {"gen_version": "1.147", "status": "UP_TO_DATE"}, "_io": {"gen_version": "1.147", "status": "UP_TO_DATE"}, "_json": {"bin_mtime": 1638997723, "gen_version": "1.147", "status": "UP_TO_DATE"}, "_locale": {"gen_version": "1.147", "status": "UP_TO_DATE"}, "_lsprof": {"bin_mtime": 1638997723, "gen_version": "1.147", "status": "UP_TO_DATE"}, "_lzma": {"bin_mtime": 1638997723, "gen_version": "1.147", "status": "UP_TO_DATE"}, "_md5": {"gen_version": "1.147", "status": "UP_TO_DATE"}, "_multibytecodec": {"bin_mtime": 1638997723, "gen_version": "1.147", "status": "UP_TO_DATE"}, "_multiprocessing": {"bin_mtime": 1638997723, "gen_version": "1.147", "status": "UP_TO_DATE"}, "_opcode": {"bin_mtime": 1638997723, "gen_version": "1.147", "status": "UP_TO_DATE"}, "_operator": {"gen_version": "1.147", "status": "UP_TO_DATE"}, "_pickle": {"gen_version": "1.147", "status": "UP_TO_DATE"}, "_posixsubprocess": {"gen_version": "1.147", "status": "UP_TO_DATE"}, "_random": {"gen_version": "1.147", "status": "UP_TO_DATE"}, "_sha1": {"gen_version": "1.147", "status": "UP_TO_DATE"}, "_sha256": {"gen_version": "1.147", "status": "UP_TO_DATE"}, "_sha3": {"gen_version": "1.147", "status": "UP_TO_DATE"}, "_sha512": {"gen_version": "1.147", "status": "UP_TO_DATE"}, "_signal": {"gen_version": "1.147", "status": "UP_TO_DATE"}, "_snack": {"bin_mtime": 1515775344, "gen_version": "1.147", "status": "UP_TO_DATE"}, "_socket": {"gen_version": "1.147", "status": "UP_TO_DATE"}, "_sqlite3": {"bin_mtime": 1638997723, "gen_version": "1.147", "status": "UP_TO_DATE"}, "_sre": {"gen_version": "1.147", "status": "UP_TO_DATE"}, "_ssl": {"bin_mtime": 1638997723, "gen_version": "1.147", "status": "UP_TO_DATE"}, "_stat": {"gen_version": "1.147", "status": "UP_TO_DATE"}, "_string": {"gen_version": "1.147", "status": "UP_TO_DATE"}, "_struct": {"gen_version": "1.147", "status": "UP_TO_DATE"}, "_symtable": {"gen_version": "1.147", "status": "UP_TO_DATE"}, "_testbuffer": {"bin_mtime": 1638997723, "gen_version": "1.147", "status": "UP_TO_DATE"}, "_testcapi": {"bin_mtime": 1638997723, "gen_version": "1.147", "status": "UP_TO_DATE"}, "_testimportmultiple": {"bin_mtime": 1638997723, "gen_version": "1.147", "status": "UP_TO_DATE"}, "_testmultiphase": {"bin_mtime": 1638997723, "gen_version": "1.147", "status": "UP_TO_DATE"}, "_thread": {"gen_version": "1.147", "status": "UP_TO_DATE"}, "_tracemalloc": {"gen_version": "1.147", "status": "UP_TO_DATE"}, "_warnings": {"gen_version": "1.147", "status": "UP_TO_DATE"}, "_weakref": {"gen_version": "1.147", "status": "UP_TO_DATE"}, "_yaml": {"bin_mtime": 1501950488, "gen_version": "1.147", "status": "UP_TO_DATE"}, "apt_inst": {"bin_mtime": 1556538555, "gen_version": "1.147", "status": "UP_TO_DATE"}, "apt_pkg": {"bin_mtime": 1556538555, "gen_version": "1.147", "status": "UP_TO_DATE"}, "array": {"gen_version": "1.147", "status": "UP_TO_DATE"}, "atexit": {"gen_version": "1.147", "status": "UP_TO_DATE"}, "audioop": {"bin_mtime": 1638997723, "gen_version": "1.147", "status": "UP_TO_DATE"}, "binascii": {"gen_version": "1.147", "status": "UP_TO_DATE"}, "builtins": {"gen_version": "1.147", "status": "UP_TO_DATE"}, "cmath": {"gen_version": "1.147", "status": "UP_TO_DATE"}, "cryptography.hazmat.bindings._constant_time": {"bin_mtime": 1545005795, "gen_version": "1.147", "status": "UP_TO_DATE"}, "cryptography.hazmat.bindings._openssl": {"bin_mtime": 1545005795, "gen_version": "1.147", "status": "UP_TO_DATE"}, "cryptography.hazmat.bindings._padding": {"bin_mtime": 1545005795, "gen_version": "1.147", "status": "UP_TO_DATE"}, "errno": {"gen_version": "1.147", "status": "UP_TO_DATE"}, "faulthandler": {"gen_version": "1.147", "status": "UP_TO_DATE"}, "fcntl": {"gen_version": "1.147", "status": "UP_TO_DATE"}, "gc": {"gen_version": "1.147", "status": "UP_TO_DATE"}, "gi._gi": {"bin_mtime": 1548765963, "gen_version": "1.147", "status": "UP_TO_DATE"}, "grp": {"gen_version": "1.147", "status": "UP_TO_DATE"}, "itertools": {"gen_version": "1.147", "status": "UP_TO_DATE"}, "marshal": {"gen_version": "1.147", "status": "UP_TO_DATE"}, "math": {"gen_version": "1.147", "status": "UP_TO_DATE"}, "mmap": {"bin_mtime": 1638997723, "gen_version": "1.147", "status": "UP_TO_DATE"}, "netifaces": {"bin_mtime": 1501829382, "gen_version": "1.147", "status": "UP_TO_DATE"}, "nis": {"bin_mtime": 1638997723, "gen_version": "1.147", "status": "UP_TO_DATE"}, "ossaudiodev": {"bin_mtime": 1638997723, "gen_version": "1.147", "status": "UP_TO_DATE"}, "parser": {"bin_mtime": 1638997723, "gen_version": "1.147", "status": "UP_TO_DATE"}, "posix": {"gen_version": "1.147", "status": "UP_TO_DATE"}, "pwd": {"gen_version": "1.147", "status": "UP_TO_DATE"}, "pyexpat": {"gen_version": "1.147", "status": "UP_TO_DATE"}, "readline": {"bin_mtime": 1638997723, "gen_version": "1.147", "status": "UP_TO_DATE"}, "resource": {"bin_mtime": 1638997723, "gen_version": "1.147", "status": "UP_TO_DATE"}, "select": {"gen_version": "1.147", "status": "UP_TO_DATE"}, "spwd": {"gen_version": "1.147", "status": "UP_TO_DATE"}, "sys": {"gen_version": "1.147", "status": "UP_TO_DATE"}, "syslog": {"gen_version": "1.147", "status": "UP_TO_DATE"}, "systemd._daemon": {"bin_mtime": 1501950484, "gen_version": "1.147", "status": "UP_TO_DATE"}, "systemd._journal": {"bin_mtime": 1501950484, "gen_version": "1.147", "status": "UP_TO_DATE"}, "systemd._reader": {"bin_mtime": 1501950484, "gen_version": "1.147", "status": "UP_TO_DATE"}, "systemd.id128": {"bin_mtime": 1501950484, "gen_version": "1.147", "status": "UP_TO_DATE"}, "systemd.login": {"bin_mtime": 1501950484, "gen_version": "1.147", "status": "UP_TO_DATE"}, "termios": {"bin_mtime": 1638997723, "gen_version": "1.147", "status": "UP_TO_DATE"}, "time": {"gen_version": "1.147", "status": "UP_TO_DATE"}, "twisted.test.raiser": {"bin_mtime": 1524264926, "gen_version": "1.147", "status": "UP_TO_DATE"}, "unicodedata": {"gen_version": "1.147", "status": "UP_TO_DATE"}, "wrapt._wrappers": {"bin_mtime": 1640075209, "gen_version": "1.147", "status": "UP_TO_DATE"}, "xxlimited": {"bin_mtime": 1638997723, "gen_version": "1.147", "status": "UP_TO_DATE"}, "xxsubtype": {"gen_version": "1.147", "status": "UP_TO_DATE"}, "zipimport": {"gen_version": "1.147", "status": "UP_TO_DATE"}, "zlib": {"gen_version": "1.147", "status": "UP_TO_DATE"}, "zope.interface._zope_interface_coptimizations": {"bin_mtime": 1501925143, "gen_version": "1.147", "status": "UP_TO_DATE"}}}